,Open,High,Low,Close,Adj Close,Volume,DFF
Open,1.0,0.9998905849356898,0.9998478659979868,0.9997734959387574,0.9997734959387574,0.04887006234924885,-0.29206180939400894
High,0.9998905849356898,1.0,0.9997925437333851,0.9998715012880443,0.9998715012880443,0.04784607166002196,-0.2933591408359169
Low,0.9998478659979868,0.9997925437333851,1.0,0.9998997642906574,0.9998997642906574,0.049616685309868874,-0.2899742942734842
Close,0.9997734959387574,0.9998715012880443,0.9998997642906574,1.0,1.0,0.04857883444346084,-0.2917614585679471
Adj Close,0.9997734959387574,0.9998715012880443,0.9998997642906574,1.0,1.0,0.04857883444346084,-0.2917614585679471
Volume,0.04887006234924885,0.04784607166002196,0.049616685309868874,0.04857883444346084,0.04857883444346084,1.0,-0.03650685842378366
DFF,-0.29206180939400894,-0.2933591408359169,-0.2899742942734842,-0.2917614585679471,-0.2917614585679471,-0.03650685842378366,1.0
